{"cameraMode":{"drawMode":0,"name":"Shaded","section":"Shading Mode"},"sceneLighting":true,"audioPlay":false,"sceneViewState":{"showFog":true,"showMaterialUpdate":false,"showSkybox":true,"showFlares":true,"showImageEffects":true,"showParticleSystems":true,"showVisualEffectGraphs":true,"m_FxEnabled":true},"in2DMode":false,"pivot":{"x":2.042698621749878,"y":4.618719100952148,"z":14.458772659301758},"rotation":{"x":0.008269568905234337,"y":0.9401969909667969,"z":-0.33980220556259158,"w":0.02284795418381691},"size":3.256073236465454,"orthographic":false}