{"cameraMode":{"drawMode":0,"name":"Shaded","section":"Shading Mode"},"sceneLighting":false,"audioPlay":false,"sceneViewState":{"showFog":true,"showMaterialUpdate":false,"showSkybox":false,"showFlares":true,"showImageEffects":true,"showParticleSystems":true,"showVisualEffectGraphs":true,"m_FxEnabled":true},"in2DMode":false,"pivot":{"x":0.12335658073425293,"y":0.4518423080444336,"z":0.06523734331130982},"rotation":{"x":-0.19283513724803925,"y":0.8026204109191895,"z":-0.3486625850200653,"w":-0.4439085125923157},"size":1.4687919616699219,"orthographic":false}